rank,file,t_sec,score,U,A,D,n_boxes,n_ambiguous,empty,selected
1,frame_0073.jpg,29.2,0.7412,0.6324,0.75,1.0,7,6,False,True
2,frame_0129.jpg,51.6,0.7343,0.7415,0.625,0.88,6,5,False,True
3,frame_0074.jpg,29.6,0.6838,0.6676,0.5,1.0,6,4,False,False
4,frame_0079.jpg,31.6,0.6767,0.5834,0.75,0.8,8,6,False,True
5,frame_0031.jpg,12.4,0.6742,0.5733,0.625,1.0,8,5,False,True
6,frame_0075.jpg,30.0,0.6649,0.4958,0.75,0.96,7,6,False,False
7,frame_0001.jpg,0.4,0.654,0.608,0.5,1.0,9,4,False,True
8,frame_0004.jpg,1.6,0.6478,0.6706,0.375,1.0,4,3,False,False
9,frame_0291.jpg,116.4,0.6461,0.5812,0.625,0.84,6,5,False,True
10,frame_0070.jpg,28.0,0.6436,0.6621,0.375,1.0,5,3,False,False
11,frame_0367.jpg,146.8,0.6433,0.6547,1.0,0.08,8,8,False,True
12,frame_0067.jpg,26.8,0.6409,0.5067,0.625,1.0,7,5,False,True
13,frame_0126.jpg,50.4,0.6224,0.6408,0.5,0.76,6,4,False,False
14,frame_0002.jpg,0.8,0.6212,0.5424,0.5,1.0,8,4,False,False
15,frame_0169.jpg,67.6,0.6189,0.6547,0.625,0.52,6,5,False,True
16,frame_0003.jpg,1.2,0.6187,0.5374,0.5,1.0,6,4,False,False
17,frame_0071.jpg,28.4,0.6175,0.535,0.5,1.0,6,4,False,False
18,frame_0069.jpg,27.6,0.6135,0.602,0.375,1.0,5,3,False,False
19,frame_0231.jpg,92.4,0.6122,0.6354,0.875,0.16,8,7,False,True
20,frame_0286.jpg,114.4,0.6011,0.6462,0.5,0.64,6,4,False,True
21,frame_0328.jpg,131.2,0.5928,0.7036,0.75,0.08,11,6,False,True
22,frame_0376.jpg,150.4,0.5856,0.7321,0.625,0.16,8,5,False,False
23,frame_0377.jpg,150.8,0.5847,0.5214,1.0,0.12,10,8,False,False
24,frame_0387.jpg,154.8,0.5847,0.7144,0.625,0.2,10,5,False,False
25,frame_0375.jpg,150.0,0.5807,0.7063,0.625,0.2,8,5,False,False
26,frame_0378.jpg,151.2,0.5751,0.5181,1.0,0.08,9,8,False,False
27,frame_0000.jpg,0.0,0.5719,0.5938,0.25,1.0,7,2,False,False
28,frame_0030.jpg,12.0,0.5707,0.4414,0.5,1.0,7,4,False,False
29,frame_0294.jpg,117.6,0.5702,0.5523,0.5,0.72,5,4,False,False
30,frame_0274.jpg,109.6,0.568,0.772,0.5,0.16,6,4,False,False
31,frame_0287.jpg,114.8,0.5655,0.6339,0.375,0.68,7,3,False,False
32,frame_0302.jpg,120.8,0.5652,0.5204,0.75,0.4,6,6,False,False
33,frame_0072.jpg,28.8,0.5632,0.5763,0.25,1.0,7,2,False,False
34,frame_0127.jpg,50.8,0.5631,0.5812,0.375,0.8,8,3,False,False
35,frame_0276.jpg,110.4,0.5602,0.6493,0.625,0.24,9,5,False,False
36,frame_0316.jpg,126.4,0.5591,0.6791,0.625,0.16,8,5,False,False
37,frame_0077.jpg,30.8,0.5568,0.5366,0.375,0.88,8,3,False,False
38,frame_0298.jpg,119.2,0.5562,0.5883,0.5,0.56,5,4,False,False
39,frame_0283.jpg,113.2,0.5525,0.597,0.5,0.52,5,4,False,False
40,frame_0292.jpg,116.8,0.5524,0.4847,0.5,0.8,7,4,False,False
41,frame_0114.jpg,45.6,0.5508,0.6145,0.625,0.28,5,5,False,False
42,frame_0122.jpg,48.8,0.5508,0.6366,0.375,0.6,4,3,False,False
43,frame_0013.jpg,5.2,0.5488,0.4726,0.375,1.0,4,3,False,False
44,frame_0318.jpg,127.2,0.5427,0.6144,0.625,0.24,8,5,False,False
45,frame_0317.jpg,126.8,0.5405,0.701,0.5,0.2,9,4,False,False
46,frame_0306.jpg,122.4,0.5403,0.6096,0.625,0.24,6,5,False,False
47,frame_0029.jpg,11.6,0.5382,0.5264,0.25,1.0,5,2,False,False
48,frame_0123.jpg,49.2,0.5382,0.5204,0.5,0.64,6,4,False,False
49,frame_0185.jpg,74.0,0.5363,0.5906,0.75,0.08,8,6,False,False
50,frame_0293.jpg,117.2,0.5362,0.4683,0.5,0.76,5,4,False,False
51,frame_0068.jpg,27.2,0.5358,0.3716,0.5,1.0,6,4,False,False
52,frame_0288.jpg,115.2,0.5327,0.5525,0.375,0.72,7,3,False,False
53,frame_0374.jpg,149.6,0.5323,0.6845,0.5,0.2,8,4,False,False
54,frame_0128.jpg,51.2,0.5292,0.5723,0.25,0.84,7,2,False,False
55,frame_0011.jpg,4.4,0.5289,0.5078,0.25,1.0,3,2,False,False
56,frame_0015.jpg,6.0,0.5278,0.4306,0.375,1.0,5,3,False,False
57,frame_0005.jpg,2.0,0.5261,0.3521,0.5,1.0,5,4,False,False
58,frame_0330.jpg,132.0,0.5241,0.6571,0.625,0.04,9,5,False,False
59,frame_0033.jpg,13.2,0.5221,0.4941,0.25,1.0,7,2,False,False
60,frame_0130.jpg,52.0,0.5212,0.4494,0.375,0.92,4,3,False,False
61,frame_0379.jpg,151.6,0.5212,0.5763,0.75,0.04,8,6,False,False
62,frame_0271.jpg,108.4,0.5198,0.8736,0.25,0.04,2,2,False,False
63,frame_0278.jpg,111.2,0.5196,0.5362,0.625,0.32,8,5,False,False
64,frame_0095.jpg,38.0,0.5181,0.5972,0.625,0.16,6,5,False,False
65,frame_0023.jpg,9.2,0.5161,0.4823,0.25,1.0,3,2,False,False
66,frame_0017.jpg,6.8,0.5135,0.477,0.25,1.0,4,2,False,False
67,frame_0089.jpg,35.6,0.5124,0.5647,0.5,0.4,6,4,False,False
68,frame_0007.jpg,2.8,0.5105,0.4709,0.25,1.0,5,2,False,False
69,frame_0305.jpg,122.0,0.5093,0.6066,0.5,0.28,5,4,False,False
70,frame_0397.jpg,158.8,0.5093,0.5636,0.625,0.2,7,5,False,False
71,frame_0295.jpg,118.0,0.5082,0.5944,0.25,0.68,4,2,False,False
72,frame_0329.jpg,131.6,0.5063,0.5306,0.75,0.08,9,6,False,False
73,frame_0131.jpg,52.4,0.5055,0.4021,0.375,0.96,4,3,False,False
74,frame_0168.jpg,67.2,0.5041,0.5593,0.375,0.56,6,3,False,False
75,frame_0368.jpg,147.2,0.5017,0.5374,0.75,0.04,8,6,False,False
76,frame_0006.jpg,2.4,0.5005,0.3759,0.375,1.0,5,3,False,False
77,frame_0027.jpg,10.8,0.4987,0.5974,0.0,1.0,2,0,False,False
78,frame_0277.jpg,110.8,0.4982,0.5094,0.625,0.28,7,5,False,False
79,frame_0386.jpg,154.4,0.4972,0.4484,0.75,0.24,8,6,False,False
80,frame_0327.jpg,130.8,0.492,0.7431,0.375,0.04,10,3,False,False
81,frame_0275.jpg,110.0,0.491,0.527,0.625,0.2,7,5,False,False
82,frame_0133.jpg,53.2,0.4895,0.429,0.25,1.0,6,2,False,False
83,frame_0016.jpg,6.4,0.4891,0.3532,0.375,1.0,5,3,False,False
84,frame_0105.jpg,42.0,0.4891,0.5712,0.625,0.08,7,5,False,False
85,frame_0315.jpg,126.0,0.4868,0.6256,0.5,0.12,7,4,False,False
86,frame_0026.jpg,10.4,0.4839,0.4928,0.125,1.0,4,1,False,False
87,frame_0395.jpg,158.0,0.4835,0.544,0.625,0.12,6,5,False,False
88,frame_0285.jpg,114.0,0.4832,0.5763,0.25,0.6,6,2,False,False
89,frame_0076.jpg,30.4,0.4818,0.3706,0.375,0.92,6,3,False,False
90,frame_0322.jpg,128.8,0.4814,0.5988,0.5,0.16,4,4,False,False
91,frame_0018.jpg,7.2,0.481,0.412,0.25,1.0,4,2,False,False
92,frame_0303.jpg,121.2,0.481,0.5179,0.5,0.36,5,4,False,False
93,frame_0388.jpg,155.2,0.4806,0.5972,0.5,0.16,8,4,False,False
94,frame_0184.jpg,73.6,0.4785,0.55,0.625,0.08,5,5,False,False
95,frame_0177.jpg,70.8,0.4758,0.5717,0.5,0.2,7,4,False,False
96,frame_0032.jpg,12.8,0.4747,0.3994,0.25,1.0,7,2,False,False
97,frame_0297.jpg,118.8,0.4744,0.4838,0.375,0.6,6,3,False,False
98,frame_0284.jpg,113.6,0.4741,0.5742,0.25,0.56,5,2,False,False
99,frame_0081.jpg,32.4,0.474,0.4351,0.375,0.72,5,3,False,False
100,frame_0396.jpg,158.4,0.4719,0.5798,0.5,0.16,9,4,False,False
101,frame_0116.jpg,46.4,0.4693,0.4946,0.5,0.36,6,4,False,False
102,frame_0333.jpg,133.2,0.4691,0.6062,0.5,0.08,9,4,False,False
103,frame_0124.jpg,49.6,0.4678,0.4386,0.375,0.68,6,3,False,False
104,frame_0106.jpg,42.4,0.4671,0.6183,0.5,0.04,7,4,False,False
105,frame_0304.jpg,121.6,0.4669,0.5058,0.5,0.32,6,4,False,False
106,frame_0332.jpg,132.8,0.4666,0.5422,0.625,0.04,9,5,False,False
107,frame_0008.jpg,3.2,0.4646,0.4541,0.125,1.0,3,1,False,False
108,frame_0290.jpg,116.0,0.4627,0.3803,0.375,0.8,7,3,False,False
109,frame_0028.jpg,11.2,0.4625,0.3749,0.25,1.0,4,2,False,False
110,frame_0301.jpg,120.4,0.4618,0.4475,0.5,0.44,7,4,False,False
111,frame_0209.jpg,83.6,0.4617,0.4855,0.25,0.72,3,2,False,False
112,frame_0289.jpg,115.6,0.4611,0.5432,0.125,0.76,5,1,False,False
113,frame_0014.jpg,5.6,0.4591,0.3681,0.25,1.0,5,2,False,False
114,frame_0389.jpg,155.6,0.4535,0.5589,0.5,0.12,10,4,False,False
115,frame_0012.jpg,4.8,0.4532,0.3564,0.25,1.0,4,2,False,False
116,frame_0080.jpg,32.0,0.4531,0.3772,0.375,0.76,5,3,False,False
117,frame_0193.jpg,77.2,0.4522,0.5085,0.5,0.24,7,4,False,False
118,frame_0229.jpg,91.6,0.4519,0.5719,0.5,0.08,9,4,False,False
119,frame_0232.jpg,92.8,0.4492,0.5183,0.5,0.2,7,4,False,False
120,frame_0307.jpg,122.8,0.4488,0.5926,0.375,0.2,7,3,False,False
121,frame_0183.jpg,73.2,0.4473,0.5786,0.5,0.04,4,4,False,False
122,frame_0370.jpg,148.0,0.4454,0.4998,0.625,0.04,6,5,False,False
123,frame_0178.jpg,71.2,0.445,0.601,0.375,0.16,7,3,False,False
124,frame_0078.jpg,31.2,0.444,0.402,0.25,0.84,6,2,False,False
125,frame_0113.jpg,45.2,0.4421,0.4132,0.625,0.24,6,5,False,False
126,frame_0181.jpg,72.4,0.4421,0.5682,0.5,0.04,6,4,False,False
127,frame_0025.jpg,10.0,0.442,0.409,0.125,1.0,2,1,False,False
128,frame_0125.jpg,50.0,0.4394,0.4408,0.25,0.72,5,2,False,False
129,frame_0132.jpg,52.8,0.4383,0.3266,0.25,1.0,5,2,False,False
130,frame_0210.jpg,84.0,0.438,0.4541,0.25,0.68,3,2,False,False
131,frame_0175.jpg,70.0,0.437,0.462,0.5,0.28,7,4,False,False
132,frame_0314.jpg,125.6,0.4365,0.541,0.5,0.08,6,4,False,False
133,frame_0170.jpg,68.0,0.4355,0.4539,0.375,0.48,6,3,False,False
134,frame_0280.jpg,112.0,0.4349,0.5598,0.25,0.4,5,2,False,False
135,frame_0296.jpg,118.4,0.4326,0.3843,0.375,0.64,5,3,False,False
136,frame_0384.jpg,153.6,0.4324,0.5007,0.5,0.16,7,4,False,False
137,frame_0021.jpg,8.4,0.4315,0.3129,0.25,1.0,4,2,False,False
138,frame_0390.jpg,156.0,0.4305,0.4541,0.625,0.08,8,5,False,False
139,frame_0279.jpg,111.6,0.4282,0.4875,0.375,0.36,6,3,False,False
140,frame_0090.jpg,36.0,0.4281,0.5622,0.25,0.36,4,2,False,False
141,frame_0096.jpg,38.4,0.4277,0.5823,0.375,0.12,7,3,False,False
142,frame_0398.jpg,159.2,0.4269,0.4578,0.5,0.24,8,4,False,False
143,frame_0103.jpg,41.2,0.4254,0.4867,0.5,0.16,4,4,False,False
144,frame_0273.jpg,109.2,0.424,0.575,0.375,0.12,6,3,False,False
145,frame_0216.jpg,86.4,0.4215,0.442,0.375,0.44,4,3,False,False
146,frame_0202.jpg,80.8,0.4212,0.3773,0.375,0.6,5,3,False,False
147,frame_0230.jpg,92.0,0.4211,0.5691,0.375,0.12,10,3,False,False
148,frame_0207.jpg,82.8,0.4199,0.3697,0.25,0.8,3,2,False,False
149,frame_0020.jpg,8.0,0.4197,0.2893,0.25,1.0,4,2,False,False
150,frame_0214.jpg,85.6,0.4195,0.4811,0.25,0.52,3,2,False,False
151,frame_0112.jpg,44.8,0.4192,0.5334,0.375,0.2,5,3,False,False
152,frame_0218.jpg,87.2,0.4182,0.5423,0.25,0.36,3,2,False,False
153,frame_0233.jpg,93.2,0.4165,0.5121,0.375,0.24,6,3,False,False
154,frame_0115.jpg,46.0,0.4163,0.4797,0.375,0.32,5,3,False,False
155,frame_0120.jpg,48.0,0.4151,0.3972,0.375,0.52,5,3,False,False
156,frame_0186.jpg,74.4,0.4122,0.5084,0.5,0.04,9,4,False,False
157,frame_0319.jpg,127.6,0.4121,0.4122,0.5,0.28,8,4,False,False
158,frame_0173.jpg,69.2,0.4099,0.5258,0.25,0.36,7,2,False,False
159,frame_0215.jpg,86.0,0.4086,0.4003,0.375,0.48,3,3,False,False
160,frame_0200.jpg,80.0,0.4067,0.5304,0.125,0.52,2,1,False,False
161,frame_0024.jpg,9.6,0.4066,0.3382,0.125,1.0,4,1,False,False
162,frame_0117.jpg,46.8,0.4058,0.4267,0.375,0.4,7,3,False,False
163,frame_0321.jpg,128.4,0.4052,0.4304,0.5,0.2,6,4,False,False
164,frame_0299.jpg,119.6,0.4,0.442,0.25,0.52,5,2,False,False
165,frame_0385.jpg,154.0,0.3951,0.4852,0.375,0.2,8,3,False,False
166,frame_0010.jpg,4.0,0.3948,0.3145,0.125,1.0,2,1,False,False
167,frame_0225.jpg,90.0,0.3947,0.4573,0.5,0.08,7,4,False,False
168,frame_0009.jpg,3.6,0.3933,0.3117,0.125,1.0,2,1,False,False
169,frame_0167.jpg,66.8,0.3931,0.4712,0.125,0.6,6,1,False,False
170,frame_0088.jpg,35.2,0.3929,0.3848,0.375,0.44,6,3,False,False
171,frame_0083.jpg,33.2,0.3922,0.3785,0.25,0.64,3,2,False,False
172,frame_0082.jpg,32.8,0.3859,0.3498,0.25,0.68,4,2,False,False
173,frame_0281.jpg,112.4,0.3846,0.5183,0.125,0.44,4,1,False,False
174,frame_0309.jpg,123.6,0.3829,0.4177,0.5,0.12,5,4,False,False
175,frame_0019.jpg,7.6,0.3827,0.2904,0.125,1.0,2,1,False,False
176,frame_0176.jpg,70.4,0.3787,0.4364,0.375,0.24,7,3,False,False
177,frame_0220.jpg,88.0,0.3764,0.4907,0.25,0.28,4,2,False,False
178,frame_0300.jpg,120.0,0.3759,0.4098,0.25,0.48,6,2,False,False
179,frame_0391.jpg,156.4,0.3745,0.508,0.375,0.04,7,3,False,False
180,frame_0022.jpg,8.8,0.3711,0.2673,0.125,1.0,5,1,False,False
181,frame_0174.jpg,69.6,0.3706,0.4632,0.25,0.32,6,2,False,False
182,frame_0104.jpg,41.6,0.3693,0.4655,0.375,0.12,4,3,False,False
183,frame_0100.jpg,40.0,0.3682,0.4955,0.375,0.04,6,3,False,False
184,frame_0203.jpg,81.2,0.3624,0.3188,0.25,0.64,4,2,False,False
185,frame_0087.jpg,34.8,0.3619,0.5319,0.0,0.48,4,0,False,False
186,frame_0098.jpg,39.2,0.3588,0.4015,0.5,0.04,7,4,False,False
187,frame_0119.jpg,47.6,0.3565,0.296,0.375,0.48,4,3,False,False
188,frame_0282.jpg,112.8,0.3527,0.3633,0.25,0.48,6,2,False,False
189,frame_0101.jpg,40.4,0.3508,0.4446,0.375,0.08,6,3,False,False
190,frame_0399.jpg,159.6,0.3508,0.4396,0.25,0.28,5,2,False,False
191,frame_0373.jpg,149.2,0.3437,0.4734,0.25,0.16,6,2,False,False
192,frame_0097.jpg,38.8,0.3434,0.4298,0.375,0.08,6,3,False,False
193,frame_0221.jpg,88.4,0.3424,0.3639,0.375,0.24,5,3,False,False
194,frame_0228.jpg,91.2,0.3424,0.4438,0.375,0.04,5,3,False,False
195,frame_0192.jpg,76.8,0.3409,0.3768,0.375,0.2,6,3,False,False
196,frame_0084.jpg,33.6,0.34,0.3651,0.125,0.6,3,1,False,False
197,frame_0086.jpg,34.4,0.3397,0.3214,0.25,0.52,5,2,False,False
198,frame_0179.jpg,71.6,0.3395,0.4059,0.375,0.12,9,3,False,False
199,frame_0205.jpg,82.0,0.3377,0.3124,0.125,0.72,2,1,False,False
200,frame_0393.jpg,157.2,0.3368,0.5076,0.25,0.04,3,2,False,False
201,frame_0189.jpg,75.6,0.3362,0.4903,0.25,0.08,3,2,False,False
202,frame_0219.jpg,87.6,0.3349,0.3168,0.375,0.32,5,3,False,False
203,frame_0320.jpg,128.0,0.3334,0.4208,0.25,0.24,6,2,False,False
204,frame_0180.jpg,72.0,0.3308,0.4047,0.375,0.08,7,3,False,False
205,frame_0382.jpg,152.8,0.3291,0.4012,0.375,0.08,8,3,False,False
206,frame_0108.jpg,43.2,0.3254,0.4097,0.375,0.04,9,3,False,False
207,frame_0188.jpg,75.2,0.3234,0.4057,0.375,0.04,9,3,False,False
208,frame_0085.jpg,34.0,0.3221,0.3452,0.125,0.56,3,1,False,False
209,frame_0094.jpg,37.6,0.3212,0.4124,0.25,0.2,5,2,False,False
210,frame_0111.jpg,44.4,0.3188,0.4987,0.125,0.16,4,1,False,False
211,frame_0208.jpg,83.2,0.3179,0.2568,0.125,0.76,4,1,False,False
212,frame_0224.jpg,89.6,0.3172,0.5114,0.125,0.12,6,1,False,False
213,frame_0194.jpg,77.6,0.316,0.3699,0.25,0.28,6,2,False,False
214,frame_0223.jpg,89.2,0.3145,0.4151,0.25,0.16,5,2,False,False
215,frame_0201.jpg,80.4,0.3126,0.3263,0.125,0.56,3,1,False,False
216,frame_0269.jpg,107.6,0.3123,0.4586,0.25,0.04,6,2,False,False
217,frame_0272.jpg,108.8,0.3116,0.5163,0.125,0.08,3,1,False,False
218,frame_0172.jpg,68.8,0.3108,0.3116,0.25,0.4,6,2,False,False
219,frame_0308.jpg,123.2,0.3105,0.407,0.25,0.16,7,2,False,False
220,frame_0171.jpg,68.4,0.3099,0.2938,0.25,0.44,6,2,False,False
221,frame_0381.jpg,152.4,0.3096,0.3782,0.375,0.04,6,3,False,False
222,frame_0109.jpg,43.6,0.3093,0.3615,0.375,0.08,7,3,False,False
223,frame_0313.jpg,125.2,0.309,0.452,0.25,0.04,4,2,False,False
224,frame_0394.jpg,157.6,0.3087,0.4354,0.25,0.08,6,2,False,False
225,frame_0197.jpg,78.8,0.3078,0.3806,0.125,0.4,1,1,False,False
226,frame_0383.jpg,153.2,0.3034,0.4088,0.25,0.12,7,2,False,False
227,frame_0310.jpg,124.0,0.3015,0.346,0.375,0.08,5,3,False,False
228,frame_0206.jpg,82.4,0.298,0.2169,0.125,0.76,4,1,False,False
229,frame_0226.jpg,90.4,0.2952,0.4243,0.25,0.04,4,2,False,False
230,frame_0092.jpg,36.8,0.293,0.324,0.25,0.28,4,2,False,False
231,frame_0121.jpg,48.4,0.2909,0.2828,0.125,0.56,5,1,False,False
232,frame_0372.jpg,148.8,0.2883,0.3786,0.25,0.12,7,2,False,False
233,frame_0198.jpg,79.2,0.2811,0.3112,0.125,0.44,2,1,False,False
234,frame_0267.jpg,106.8,0.2766,0.3551,0.25,0.12,5,2,False,False
235,frame_0110.jpg,44.0,0.2736,0.3491,0.25,0.12,3,2,False,False
236,frame_0091.jpg,36.4,0.2689,0.3348,0.125,0.32,4,1,False,False
237,frame_0211.jpg,84.4,0.2654,0.1999,0.125,0.64,3,1,False,False
238,frame_0371.jpg,148.4,0.2639,0.3458,0.25,0.08,5,2,False,False
239,frame_0213.jpg,85.2,0.2612,0.2234,0.125,0.56,4,1,False,False
240,frame_0195.jpg,78.0,0.2611,0.3191,0.125,0.32,3,1,False,False
241,frame_0222.jpg,88.8,0.2519,0.2738,0.25,0.2,6,2,False,False
242,frame_0325.jpg,130.0,0.2498,0.3336,0.25,0.04,5,2,False,False
243,frame_0311.jpg,124.4,0.2493,0.4826,0.0,0.04,3,0,False,False
244,frame_0102.jpg,40.8,0.2452,0.2924,0.25,0.12,5,2,False,False
245,frame_0212.jpg,84.8,0.2444,0.2488,0.0,0.6,2,0,False,False
246,frame_0217.jpg,86.8,0.2394,0.2438,0.125,0.4,3,1,False,False
247,frame_0118.jpg,47.2,0.2385,0.226,0.125,0.44,5,1,False,False
248,frame_0204.jpg,81.6,0.2383,0.2045,0.0,0.68,3,0,False,False
249,frame_0196.jpg,78.4,0.2207,0.2224,0.125,0.36,3,1,False,False
250,frame_0190.jpg,76.0,0.218,0.3131,0.125,0.12,4,1,False,False
251,frame_0093.jpg,37.2,0.2156,0.2602,0.125,0.24,6,1,False,False
252,frame_0268.jpg,107.2,0.2151,0.3232,0.125,0.08,6,1,False,False
253,frame_0323.jpg,129.2,0.2047,0.2865,0.125,0.12,6,1,False,False
254,frame_0199.jpg,79.6,0.194,0.1959,0.0,0.48,2,0,False,False
255,frame_0324.jpg,129.6,0.1873,0.2676,0.125,0.08,7,1,False,False
256,frame_0191.jpg,76.4,0.1461,0.2282,0.0,0.16,5,0,False,False
